condition,seed,tau,area,area_fraction,perimeter,component_count,circularity,eccentricity,orientation,major_axis,minor_axis,curvature_mean,curvature_std,curvature_q90,curvature_q99,euler_characteristic,fourier_0,fourier_1,fourier_2,fourier_3,fourier_4,fourier_5,fourier_6,fourier_7,fourier_8,fourier_9
RANDOM_PURE,42,0.3,1776,0.1083984375,159,1,0.8827923820696132,0.2516832639985299,143.3115177822607,24.327599030131463,23.54448530365931,0.38604675607521666,0.3578078270093228,0.7071067811865475,0.9999999999999999,1,0.03681021954471773,0.03922320718505464,0.009708355122013127,0.015569200984956637,0.008419037253802737,0.02630853146244413,0.013404455242290288,0.013731752214211844,0.012107065517126814,0.005674240383587023
RANDOM_PURE,42,0.4,1337,0.08160400390625,129,1,1.0096290794662708,0.32223096556873837,113.26219880536065,21.398769706154457,20.257382490902536,0.31925400142692684,0.3614346719779101,0.7071067811865475,0.9999999999999998,1,0.06597188988165985,0.010600078627781277,0.009261812778844717,0.0062582882632983465,0.01657906190933876,0.027123286953447057,0.013962840051705708,0.01893140442715094,0.00336539007749348,0.00854325109315126
RANDOM_PURE,42,0.5,997,0.06085205078125,112,1,0.9987780215653775,0.3513214007856685,97.2723688703515,18.572043662226292,17.388167234625268,0.3645168500181314,0.3649642374593538,0.7071067811865475,1.0,1,0.04214903693055702,0.021019473589994852,0.01970371070657939,0.006137138466617343,0.01794257517368038,0.025900634782733058,0.005140770703627783,0.023285004192058888,0.004329409061750105,0.003998466118138906
RANDOM_PURE,42,0.6,720,0.0439453125,97,1,0.9616098248845365,0.442244011920479,89.42383181104215,16.236378832400284,14.562323308003888,0.3934178542057757,0.36372536752802886,0.7071067811865475,1.0,1,0.05246538768847849,0.012057289769976751,0.015050401541732499,0.026029645090000334,0.021551931715662977,0.028321697590744436,0.01981421607723841,0.010141860648270091,0.017843347182269827,0.0020276257653151237
RANDOM_PURE,42,0.7,509,0.03106689453125,83,1,0.9284776662373085,0.47513955341883546,106.2956286721583,13.89236069579562,12.224033388958397,0.3743813165241283,0.35341034337086946,0.7071067811865475,0.9999999999999998,1,0.08081523293465032,0.0087032571161744,0.015663328090364435,0.017197900614444123,0.03983284157885126,0.026507394345821018,0.011254886730801704,0.006424424811167946,0.0016363217733351247,0.018088887993340158
RANDOM_PURE,43,0.3,1580,0.096435546875,135,1,1.0894302096399173,0.391155726544416,107.34065501642849,23.4963211182896,21.62424014193017,0.3796654370069558,0.37058823163154914,0.7071067811865475,1.0,1,0.00645269647373318,0.027210502441248105,0.006049134683001987,0.004783354807010807,0.001540512023964796,0.007716020369351594,0.011378696547431842,0.006874584608308783,0.010322625213742791,0.0077212120379206465
RANDOM_PURE,43,0.4,1137,0.06939697265625,112,1,1.139027693600636,0.4967526557025667,109.68819612199363,20.55903236312141,17.843022977459157,0.3513869558868516,0.3680431749960094,0.7071067811865475,0.9999999999999998,1,0.01387584606108625,0.010911519004122482,0.019495343658390264,0.01553254992364753,0.019678963934128928,0.00803690947569633,0.01658511350672785,0.01011213334524675,0.007932562712642146,0.0019135307767121034
RANDOM_PURE,43,0.5,853,0.05206298828125,99,1,1.0936755569889167,0.49719645023979275,111.91711132133857,17.837470680655823,15.476467292109502,0.41773069756896325,0.37233369098143715,0.7071067811865475,1.0,1,0.00919149779843707,0.015426749077217035,0.015239378160315219,0.015105980142649552,0.021986278603550624,0.016231217147847903,0.012961461645199032,0.006395504363793254,0.004546526119669986,0.004337749853352531
RANDOM_PURE,43,0.6,646,0.0394287109375,86,1,1.0976034906538703,0.5212321322721013,114.32030883674841,15.676357212890474,13.37843749132937,0.3734034694442801,0.3577872405104615,0.7071067811865475,0.751040764008567,1,0.02707657062115345,0.01112838734166651,0.00917163898411182,0.0033009895243972538,0.021651585800686306,0.012203433896054165,0.015007845681656045,0.0038421015860017733,0.007242171804563493,0.005333174321451268
RANDOM_PURE,43,0.7,441,0.02691650390625,73,1,1.0399267106272088,0.5584488858204203,97.05500496995879,13.301882505549163,11.034429425059772,0.4091788723984767,0.3659815752143947,0.7071067811865475,1.0,1,0.02302477362865017,0.02653754474103439,0.045817554634784444,0.011537094748917546,0.028705296715527958,0.00987480253564519,0.013993747020756014,0.002584041925655982,0.00776748638161125,0.005545287606459099
RANDOM_PURE,99,0.3,1581,0.09649658203125,133,1,1.1231517859292133,0.24994226894783353,80.23869801248415,22.871305276413054,22.145386990222846,0.4266174087983279,0.35534245904750766,0.7071067811865475,0.9999999999999998,1,0.023457361464582573,0.01341711176624902,0.013251154307428414,0.009981845211397462,0.0018933104872605158,0.0103353076994765,0.009574035178944004,0.00043657826276563,0.0035546670498056007,0.006273298176821223
RANDOM_PURE,99,0.4,1200,0.0732421875,113,1,1.180957376241758,0.355282464604295,88.5439804939162,20.337066495513675,19.010255747340103,0.3467589927794121,0.35713556466148344,0.7071067811865475,0.7071067811865475,1,0.016540072209911032,0.01468508654894019,0.017976210671295602,0.008210425838334926,0.014328479570021736,0.0092747784465074,0.011234913718902916,0.007253796611973819,0.008269410247102022,0.003864381526127344
RANDOM_PURE,99,0.5,845,0.05157470703125,100,1,1.06185831691335,0.5658401270447323,68.55705297851515,18.243302084198145,15.041875835182159,0.4118376618407356,0.3610951956057514,0.7071067811865475,1.0,1,0.015266553870726826,0.037632646080424825,0.021771861476280772,0.020165492582085366,0.007853992321732124,0.012734848414808096,0.02302737429482088,0.010856481280078142,0.008006718631911635,0.0031593735585204756
RANDOM_PURE,99,0.6,591,0.03607177734375,84,1,1.05254039584556,0.6061687965387781,67.86634066699709,15.573463004287962,12.386136136250586,0.3449796836924583,0.351544145614847,0.7071067811865475,0.9701425001453319,1,0.04803467406946764,0.016386564456994216,0.028842023449344573,0.004388424364451322,0.01910535034098259,0.013216520870292875,0.006331320379508261,0.006476266681577939,0.0010068947321311154,0.010133149111689698
RANDOM_PURE,99,0.7,374,0.0228271484375,72,1,0.9066015836748323,0.41107743203848507,93.47407403611592,11.79033227432435,10.748071976888342,0.4424141595770254,0.3671856028785848,0.7071067811865475,1.0,1,0.04868983871575497,0.01916034837679352,0.06156951772299213,0.015211640593001287,0.04573706975474009,0.025010647692476018,0.010771439538114129,0.010088929828938298,0.018091985452325137,0.0044451668056628285
NEAR_NULL,42,0.3,1559,0.09515380859375,132,1,1.1243670677103967,0.2128329084159029,83.46442306148711,22.608069295859465,22.090087018155277,0.4128596566898358,0.3641115308641762,0.7071067811865475,1.0,1,0.020809087113703967,0.017820188820983848,0.0042730404910584245,0.009807576231349521,0.004602906863917555,0.008653346633612247,0.0026771151859787167,0.010974086888134086,0.004629205985103669,0.009767010834858484
NEAR_NULL,42,0.4,1155,0.07049560546875,121,1,0.9913365247991834,0.4969517404676001,109.05670015767932,20.759432496740793,18.01458252547887,0.37884810275674335,0.35944594553964404,0.7071067811865475,0.9414213562373085,1,0.019380172992270912,0.03123831934832179,0.019163847736463083,0.004368241320654774,0.01089889675479822,0.02030697578500122,0.017808055390556,0.0152799945222239,0.008071305630008565,0.010119782548016015
NEAR_NULL,42,0.5,795,0.04852294921875,112,1,0.7964177804859328,0.6290522174307759,108.69532489117427,18.527244642102826,14.402395358275768,0.40737942082327755,0.3498087810702682,0.7071067811865475,1.0,1,0.04152891806096397,0.043274458693029184,0.033682579217033715,0.036573742588472895,0.012393083358556376,0.028490546219018212,0.02464969532420471,0.010079385263477339,0.012384427458046377,0.011815301031191223
NEAR_NULL,42,0.6,509,0.03106689453125,78,1,1.0513285080060517,0.7011466692702742,100.77486571728878,15.347395227352699,10.94295484235651,0.395737032702894,0.3431489112710149,0.7071067811865475,0.7744722215136427,1,0.04507783565560504,0.030724562665714265,0.010296431536642935,0.0393555764231683,0.019539098273574237,0.028299365595125952,0.004294045494746446,0.00207442428314702,0.004542632951390517,0.006861321187594541
NEAR_NULL,42,0.7,302,0.0184326171875,61,1,1.0198989318829534,0.6528967759090912,93.85568229455083,11.564207763807723,8.759273273467599,0.36596649787107116,0.38046950866810225,0.7071067811865475,1.0,1,0.08573665149566748,0.03911767444730867,0.04383953033160157,0.03882194392495986,0.013248831571474166,0.02661437634253528,0.0070299559075089075,0.00899546040256559,0.009338006708646507,0.006723856541632198
NEAR_NULL,43,0.3,1506,0.0919189453125,140,2,0.9655588849604548,0.4259044004799676,103.51881418452616,23.17477053076338,20.96779472593529,0.3955684854890902,0.3615971018193729,0.7071067811865475,1.0,2,0.05841135467758163,0.022491555672197416,0.005652542475698313,0.003055838148395899,0.006474234066152304,0.005789803703828447,0.017317191563048662,0.006393818560853468,0.022604241345506388,0.004368693213806011
NEAR_NULL,43,0.4,1104,0.0673828125,113,1,1.0864807861424173,0.4295310488932241,107.31340124098561,19.857722247115852,17.932557586509883,0.35194294355487143,0.36438075226818095,0.7071067811865475,1.0,1,0.01670964570245337,0.02063136836273834,0.02134737249049269,0.009235724921334188,0.02232650743933484,0.007292698817694471,0.01567533244284931,0.005800406420948901,0.008697063442058176,0.0054379273070198604
NEAR_NULL,43,0.5,790,0.0482177734375,98,1,1.0336768831053464,0.5364538554143309,103.96420357989193,17.41003651707719,14.69284609512453,0.3296909661819285,0.3546961535223084,0.7071067811865475,0.8975943752699185,1,0.06386940448449996,0.01343998810658779,0.027674355746952456,0.028500626920067443,0.026310776057015702,0.011578326945815526,0.021670499212385477,0.00529262961453584,0.007155404110793844,0.004852727172244268
NEAR_NULL,43,0.6,574,0.0350341796875,83,1,1.0470455411006192,0.5083226485797836,121.79655189599549,14.803934178199336,12.748655141125024,0.3719284058444434,0.37252878366771963,0.7071067811865475,1.0,1,0.03392146694536028,0.005187729414759497,0.015348565642497836,0.011120068424595725,0.03540801718502915,0.017285575015029638,0.026289195421048833,0.005385056230823034,0.016636048236809767,0.010406143606060157
NEAR_NULL,43,0.7,344,0.02099609375,64,1,1.055378782065321,0.22942675001961896,160.18051890616474,10.777617750364128,10.49013482207888,0.3874842167691145,0.3830548025476587,0.7071067811865475,1.0,1,0.04935470656693824,0.01622446580762481,0.015605374861512367,0.022674654127443388,0.032403384149327516,0.02631843110448975,0.01806570270284748,0.013686713448767462,0.006702508534528136,0.008846222340343917
NEAR_NULL,99,0.3,1633,0.09967041015625,135,1,1.1259743875582184,0.3841032143999499,165.37550814654915,23.78740077256826,21.96267307990702,0.45479236755311103,0.34509394132809956,0.7071067811865475,0.9004163056034251,1,0.02486200903546309,0.007255688315077351,0.014300299232200699,0.011824198623585752,0.009423163648669014,0.006747070622344371,0.009185012127362585,0.011311262154198126,0.006555902659194787,0.002956590138650926
NEAR_NULL,99,0.4,1236,0.075439453125,122,1,1.0435389733504392,0.2930578078207671,152.20377662681932,20.441733706092172,19.544233745964306,0.39213623306201595,0.36484848995380487,0.7071067811865475,1.0,1,0.027672848914428453,0.018894803512706806,0.031287483982526045,0.025354777191387658,0.0155580974306268,0.013308889050387811,0.008520957096309671,0.010099849781900058,0.0017064666664721383,0.0056761298190110025
NEAR_NULL,99,0.5,894,0.0545654296875,103,1,1.0589438523175698,0.480452159708659,128.47357511123758,18.18773648656525,15.95102567767657,0.4174364574104541,0.35323636596222974,0.7071067811865475,0.9978885438199987,1,0.020166570127727896,0.03078441072017315,0.021055696393414286,0.03079469196109745,0.013532970086385208,0.011810503879691148,0.0067800707068540024,0.008103037501314069,0.011926670823130049,0.00648417110692671
NEAR_NULL,99,0.6,661,0.04034423828125,91,1,1.003063757528247,0.45576856003634114,129.57092966156628,15.563588908452717,13.853124344217635,0.3531315247160017,0.3728731553598564,0.7071067811865475,1.0,1,0.025663305332892072,0.014540590231481014,0.019498929974133248,0.015900176035873598,0.012920259015047538,0.031908247161285104,0.01089971779489569,0.005666598377942026,0.010553278768015989,0.0024663397120616866
NEAR_NULL,99,0.7,443,0.02703857421875,75,1,0.9896714990508646,0.2844060085611146,133.09445774198565,12.364213008859652,11.85361958294078,0.25846368414466975,0.3462126379048446,0.7071067811865475,0.7832590180780465,1,0.07183765357938039,0.007609847360614282,0.03446425112678599,0.019505272364237825,0.027075160492640422,0.02690748962137845,0.0033304164247394213,0.01581780845304878,0.004162657401330631,0.01424914334381939
REAL_NORMAL,42,0.3,442,0.0269775390625,75,1,0.9874374776083119,0.795319162267009,133.29264811731542,15.401033881099158,9.335966880064223,0.3434014463335544,0.3470366277714749,0.7071067811865475,0.7699166755711799,1,0.06961099897066624,0.023504428405128293,0.006384042396404351,0.03211696268235292,0.007264648967017305,0.0003348473466559102,0.004083876315451667,0.007508902861469523,0.0020635062084177094,0.004785932410034466
REAL_NORMAL,42,0.4,306,0.0186767578125,58,1,1.1430765184286287,0.7316523557370082,136.3874913135405,11.98529116735895,8.170108737981861,0.3758446529866091,0.3668826321685078,0.7071067811865475,1.0,1,0.010928204835798615,0.032062625675353645,0.0016644649894024962,0.025577258316882553,0.009543872639356053,0.005169595454590703,0.004391627849475466,0.0076220524175753665,0.0012178164224642977,0.005163122030214042
REAL_NORMAL,42,0.5,231,0.01409912109375,49,1,1.2090094177080255,0.7038573288391273,140.10853048379659,10.195469037597537,7.242263434673076,0.3956076798132701,0.3594563247281189,0.7071067811865475,0.8594112549695416,1,0.022616814635390805,0.025309247149034698,0.004769270199836376,0.018495844743518272,0.009239886118341267,0.011875733142497936,0.008782575871395013,0.005123523964025592,0.0027074167476055827,0.002604516299442942
REAL_NORMAL,42,0.6,174,0.0106201171875,41,1,1.300742704877154,0.6921020842032758,143.16805884212263,8.769723875906728,6.329983443809794,0.40381339478302547,0.3600245394734596,0.7071067811865475,0.8828427124746192,1,0.003953363907949819,0.028647384323516923,0.009521671192456628,0.01772460365539778,0.011872113548641245,0.010593227288831355,0.009184355585428986,0.009660233850919697,0.006270806650171704,0.0012891978542589986
REAL_NORMAL,42,0.7,124,0.007568359375,34,1,1.3479497890835097,0.6506642913393652,146.54762507004207,7.219111041160601,5.481943947966826,0.33275613232308116,0.3529411764705882,0.7071067811865475,0.7071067811865475,1,0.021563769979063955,0.03224176103008732,0.024327163673077454,0.022339505173385097,0.009376844644013393,0.013624480147505008,0.006143819067183877,0.004856558933363673,0.004344097812473082,0.002456525436259282
REAL_NORMAL,43,0.3,490,0.0299072265625,96,2,0.6681338542790792,0.41894349159137523,90.69988096486574,15.190393352001612,13.793064121740404,0.36451933408902004,0.33130724689973273,0.7071067811865475,0.9999999999999998,2,0.12842265791773105,0.03635052024268168,0.03549036780592952,0.0770374832332376,0.0405330582409378,0.024679900150957317,0.028581884344365618,0.017739938375354227,0.013646990409110776,0.013411746093104634
REAL_NORMAL,43,0.4,275,0.01678466796875,56,1,1.1019617088484606,0.5599948957374947,115.00372353984879,10.711302262473579,8.874271691626555,0.4765395548570495,0.34956511116294103,0.7071067811865475,1.0,1,0.07698277107294901,0.028555862647641116,0.03149705031269167,0.020725057123751778,0.010310928995529168,0.019492816037978606,0.005824301593032916,0.011776442885715787,0.010477260329240337,0.004112295061307542
REAL_NORMAL,43,0.5,177,0.01080322265625,42,1,1.260911337155087,0.6731446917785997,140.67562145561251,8.780826511679,6.493516041956159,0.3941987901453344,0.3610008304176603,0.7071067811865475,0.8799137802864834,1,0.004413956082786204,0.02687307089819001,0.01988676332718347,0.010203139703373046,0.012038651750999213,0.006299209587540705,0.017819597067256162,0.0031667733001081075,0.005801593662279358,0.004295129472659488
REAL_NORMAL,43,0.6,122,0.0074462890625,34,1,1.3262086634531307,0.7119657835760861,138.92588615114423,7.475924796029604,5.249700232302141,0.40376241356934867,0.36206844718571896,0.7071067811865475,0.9033452377915612,1,0.025880693945050867,0.026650559602632507,0.02645725101291196,0.006862838186713777,0.013011615071755748,0.007271310439104751,0.007880208747761406,0.0055259862649828665,0.011146963094501385,0.005634041793677487
REAL_NORMAL,43,0.7,80,0.0048828125,27,1,1.3790255818226802,0.7306451943122384,140.97071629954903,6.140566220658852,4.192516725035627,0.5454785948651057,0.3314521231662232,0.7071067811865475,0.9999999999999999,1,0.010719634837381824,0.031194626122327436,0.020903518310390567,0.00619902682988496,0.01973561047173869,0.005554925140649269,0.009921202716201026,0.011968121732799573,0.018337852113871483,0.007442333459783496
REAL_NORMAL,99,0.3,737,0.04498291015625,125,2,0.5927305691380935,0.5257297309268056,174.2217982619273,18.57642541217049,15.802067150404335,0.3653276048496993,0.3393957995074996,0.7071067811865475,0.9967345417197145,2,0.21706626353400993,0.07776292395894299,0.05115590968010175,0.021270007193078692,0.04081797717055685,0.0179926412392453,0.010014144664639266,0.013687005062120844,0.024586489847130237,0.03681916059130776
REAL_NORMAL,99,0.4,480,0.029296875,92,2,0.7126486170714086,0.6844887101772028,168.20695042245706,15.859186698674952,11.56171916430897,0.3757610684085771,0.33861698339439994,0.7071067811865475,0.9944341985529931,2,0.11231961344348514,0.068135929573424,0.02407130053580492,0.03888248634809813,0.01906436408862458,0.02953091787798569,0.024318808544008017,0.01596533011158849,0.024921387804528197,0.007082713713013639
REAL_NORMAL,99,0.5,323,0.01971435546875,59,1,1.1660263454289033,0.6420954209245978,160.6313727532268,11.795817252415882,9.042965168410756,0.4004646948808393,0.35744037457222877,0.7071067811865475,0.830121933088198,1,0.03991714183991044,0.028192908019273308,0.032816409536083335,0.015179000533253134,0.016851263172493306,0.010634482791532765,0.003801433844223151,0.005574106040862217,0.004720241012531171,0.0014811373538595688
REAL_NORMAL,99,0.6,223,0.01361083984375,47,1,1.2685833621557698,0.5743964927511342,137.12604877546462,9.397783299272096,7.6928113503122635,0.4124420491670262,0.35744075943355447,0.7071067811865475,0.8652691193458115,1,0.04721298678958215,0.017596603022289943,0.028020035443805245,0.0204269494746995,0.006851541562165292,0.0033411271036629113,0.0005420035919096639,0.0077553137300041715,0.0012189823281559334,0.005281279510545165
REAL_NORMAL,99,0.7,151,0.00921630859375,39,1,1.2475489564551183,0.5406979048662028,121.72223908918042,7.621433508088473,6.411278229039239,0.4970455464320571,0.33454459156653016,0.7071067811865475,0.8887005768508873,1,0.03757304732074823,0.019042275084556696,0.02447383856893947,0.023053452303478796,0.00915503880608925,0.009224477568673952,0.013566587441840337,0.01314472954978092,0.008034844909794205,0.006123750099072773
REAL_SURVIVAL,42,0.3,366,0.0223388671875,66,1,1.0558520764130985,0.788882216590916,138.70482311400744,13.964762700565107,8.581967041902093,0.41599763822296526,0.36052221571384185,0.7071067811865475,1.0,1,0.01828554547081536,0.04640007053698722,0.027091614936245057,0.029255390392628953,0.015291313178105908,0.0036002435095705268,0.009611700033433219,0.010398703417986037,0.005180289171022233,0.005234274603037853
REAL_SURVIVAL,42,0.4,263,0.01605224609375,55,1,1.092547263331062,0.7687040253233214,139.38795391685443,11.587164616507085,7.411204488147896,0.42205824428357125,0.3618808471350456,0.7071067811865475,0.9999999999999999,1,0.01595099178226358,0.04281231955701669,0.033256828274817594,0.03107638710215579,0.004087102078990337,0.005266675851370791,0.010376463142925995,0.005714347874279135,0.004170432545587073,0.003542917413020503
REAL_SURVIVAL,42,0.5,198,0.0120849609375,47,1,1.1263654964432397,0.780582071101383,140.8117122970123,10.193259014770932,6.371330204785454,0.3911654534223453,0.35154705620975113,0.7071067811865475,0.7071067811865475,1,0.024570753806197877,0.057371034283396426,0.03198484592367904,0.04205025878328298,0.007468996612535417,0.010348177391851962,0.0027824249817751077,0.013899541209799528,0.0015801826700445193,0.00525439867340632
REAL_SURVIVAL,42,0.6,142,0.0086669921875,40,1,1.1152653920243767,0.7727241804094774,142.2265784175524,8.576195579756867,5.443671091829213,0.29748737341529163,0.36946077282773987,0.7071067811865475,1.0,1,0.05877960469025732,0.05165025402972201,0.025964553564201392,0.03582511971463286,0.010452922553108295,0.008634518004064243,0.005163587929133616,0.014959833606532675,0.003941875811818588,0.003742156809379636
REAL_SURVIVAL,42,0.7,98,0.0059814453125,33,1,1.130857961622772,0.7834413285099634,147.43924794255238,7.261522491036069,4.512787558187307,0.36059075565489895,0.3777586261933692,0.7071067811865475,0.9999999999999998,1,0.04991608289002769,0.06460704091442045,0.04206402723018873,0.04880258431456197,0.01416128861397573,0.006448595267917166,0.015538786638592825,0.018224884251082707,0.010627517711459073,0.01401341293486182
REAL_SURVIVAL,43,0.3,497,0.03033447265625,125,3,0.39971111650153657,0.6514239166108312,143.14368261517905,19.15649334208152,14.534299021356615,0.3162112795580911,0.30641397657761676,0.7071067811865475,0.9773433736445527,3,0.17316515828467907,0.08975026399066267,0.06421139559508389,0.08940736884368908,0.03781201931336267,0.02265005355662808,0.052628717872108516,0.03230918081563919,0.013268594600733586,0.03252547944585138
REAL_SURVIVAL,43,0.4,282,0.0172119140625,78,3,0.5824649101330188,0.6139191874993747,131.92317785131948,14.504796766717476,11.449635201410688,0.33972541355624447,0.3336347723657748,0.7071067811865475,0.9908543690940306,3,0.09767502451932789,0.07076116457681307,0.03800765593443741,0.1070297895873154,0.021876021065814672,0.04341155913127641,0.00814263914764786,0.0382350907405276,0.043452941387864645,0.0012634580624963925
REAL_SURVIVAL,43,0.5,167,0.01019287109375,43,1,1.1349831760940952,0.8525535821600766,-155.961198207541,10.211139533607744,5.336748206931732,0.36177556246753595,0.3534577710132712,0.7071067811865475,0.7071067811865475,1,0.046812056138370375,0.08372180948794809,0.025046902266092515,0.006945688874715214,0.018854220088095373,0.0007888804020535282,0.006234000350048523,0.006852506927472075,0.010030967673141681,0.0028143607766307286
REAL_SURVIVAL,43,0.6,120,0.00732421875,36,1,1.1635528346628863,0.858619179079215,-155.60115665958756,8.73705798006132,4.47873817395308,0.35355339059327373,0.35355339059327373,0.7071067811865475,0.7071067811865475,1,0.04810216962581625,0.08989613097824671,0.024808797895173332,0.008910010845432836,0.025208182265127235,0.00969190782370695,0.005039165815929052,0.004753354882550269,0.011822801521027463,0.005737868774224085
REAL_SURVIVAL,43,0.7,77,0.00469970703125,29,1,1.1505476067843714,0.8677769620144204,-154.45009826865763,7.18034381962596,3.5682996150600936,0.3408019565885756,0.344001140995329,0.7071067811865475,0.8419774762521725,1,0.06174849939582744,0.07947563380394776,0.03558538799968475,0.020997747045833976,0.02607423358250361,0.011523753994584681,0.02312613115198835,0.016406665088711525,0.024553051973732424,0.018485027288114863
REAL_SURVIVAL,99,0.3,628,0.038330078125,126,4,0.4970824354886344,0.5272833847335712,-158.36724238923824,20.197683022282693,17.161759019277085,0.2656703531548168,0.29846049800564345,0.7071067811865475,0.9153643644100895,4,0.058998085463158934,0.13651309809390466,0.026787249600511587,0.025227817017123098,0.026918695177889303,0.03087884560563681,0.04958855030155798,0.040660365414392795,0.023854128539976607,0.006903488534837894
REAL_SURVIVAL,99,0.4,397,0.02423095703125,63,1,1.2569536744521521,0.39810482758628835,-176.95247643472823,11.86309311991773,10.882489006260625,0.3142696805273544,0.3513641844631532,0.7071067811865475,0.7071067811865475,1,0.025246331603447993,0.02293380809069406,0.035732179649813,0.017256448364457767,0.009159376941875724,0.0034666547888457765,0.00963677080252595,0.0031692859268343332,0.004622797124080747,0.00687779176001603
REAL_SURVIVAL,99,0.5,307,0.01873779296875,57,1,1.1874040562044526,0.3394457423621946,174.4619189996109,10.335884820516007,9.72219823782016,0.446593756538872,0.3410916157056768,0.7071067811865475,0.7071067811865475,1,0.02630610753213348,0.016503296797502648,0.036954019301904874,0.025358178687174975,0.009625878377196645,0.007278797911100118,0.017900131392839674,0.011190163670076388,0.005970367103466415,0.0017862632920414658
REAL_SURVIVAL,99,0.6,232,0.01416015625,50,1,1.1661591930125312,0.2370171929418997,179.89550909730934,8.891969544646745,8.638596923604753,0.3794112549695427,0.36884563112830354,0.7071067811865475,1.0,1,0.04126562090562569,0.008627514390791234,0.045586802630483404,0.030413067542700654,0.0070061814169521276,0.011472530732217691,0.00901410958594409,0.004774341561694359,0.004273484153713903,0.002444535660181657
REAL_SURVIVAL,99,0.7,165,0.01007080078125,44,1,1.0709974955419748,0.372849984771293,76.14639120091945,7.760635450122334,7.201028727129581,0.4217352087750918,0.3745947568523187,0.7071067811865475,1.0,1,0.058057525631651945,0.03607643098329448,0.035276741267053095,0.04630508865461444,0.020669494277108555,0.007006286270804897,0.014184826888204919,0.013456986027618353,0.0071415131255160216,0.00749804978628426
REAL_BIBLICAL,42,0.3,442,0.0269775390625,75,1,0.9874374776083119,0.795319162267009,133.29264811731542,15.401033881099158,9.335966880064223,0.3434014463335544,0.3470366277714749,0.7071067811865475,0.7699166755711799,1,0.06961099897066624,0.023504428405128293,0.006384042396404351,0.03211696268235292,0.007264648967017305,0.0003348473466559102,0.004083876315451667,0.007508902861469523,0.0020635062084177094,0.004785932410034466
REAL_BIBLICAL,42,0.4,306,0.0186767578125,58,1,1.1430765184286287,0.7316523557370082,136.3874913135405,11.98529116735895,8.170108737981861,0.3758446529866091,0.3668826321685078,0.7071067811865475,1.0,1,0.010928204835798615,0.032062625675353645,0.0016644649894024962,0.025577258316882553,0.009543872639356053,0.005169595454590703,0.004391627849475466,0.0076220524175753665,0.0012178164224642977,0.005163122030214042
REAL_BIBLICAL,42,0.5,231,0.01409912109375,49,1,1.2090094177080255,0.7038573288391273,140.10853048379659,10.195469037597537,7.242263434673076,0.3956076798132701,0.3594563247281189,0.7071067811865475,0.8594112549695416,1,0.022616814635390805,0.025309247149034698,0.004769270199836376,0.018495844743518272,0.009239886118341267,0.011875733142497936,0.008782575871395013,0.005123523964025592,0.0027074167476055827,0.002604516299442942
REAL_BIBLICAL,42,0.6,174,0.0106201171875,41,1,1.300742704877154,0.6921020842032758,143.16805884212263,8.769723875906728,6.329983443809794,0.40381339478302547,0.3600245394734596,0.7071067811865475,0.8828427124746192,1,0.003953363907949819,0.028647384323516923,0.009521671192456628,0.01772460365539778,0.011872113548641245,0.010593227288831355,0.009184355585428986,0.009660233850919697,0.006270806650171704,0.0012891978542589986
REAL_BIBLICAL,42,0.7,124,0.007568359375,34,1,1.3479497890835097,0.6506642913393652,146.54762507004207,7.219111041160601,5.481943947966826,0.33275613232308116,0.3529411764705882,0.7071067811865475,0.7071067811865475,1,0.021563769979063955,0.03224176103008732,0.024327163673077454,0.022339505173385097,0.009376844644013393,0.013624480147505008,0.006143819067183877,0.004856558933363673,0.004344097812473082,0.002456525436259282
REAL_BIBLICAL,43,0.3,490,0.0299072265625,96,2,0.6681338542790792,0.41894349159137523,90.69988096486574,15.190393352001612,13.793064121740404,0.36451933408902004,0.33130724689973273,0.7071067811865475,0.9999999999999998,2,0.12842265791773105,0.03635052024268168,0.03549036780592952,0.0770374832332376,0.0405330582409378,0.024679900150957317,0.028581884344365618,0.017739938375354227,0.013646990409110776,0.013411746093104634
REAL_BIBLICAL,43,0.4,275,0.01678466796875,56,1,1.1019617088484606,0.5599948957374947,115.00372353984879,10.711302262473579,8.874271691626555,0.4765395548570495,0.34956511116294103,0.7071067811865475,1.0,1,0.07698277107294901,0.028555862647641116,0.03149705031269167,0.020725057123751778,0.010310928995529168,0.019492816037978606,0.005824301593032916,0.011776442885715787,0.010477260329240337,0.004112295061307542
REAL_BIBLICAL,43,0.5,177,0.01080322265625,42,1,1.260911337155087,0.6731446917785997,140.67562145561251,8.780826511679,6.493516041956159,0.3941987901453344,0.3610008304176603,0.7071067811865475,0.8799137802864834,1,0.004413956082786204,0.02687307089819001,0.01988676332718347,0.010203139703373046,0.012038651750999213,0.006299209587540705,0.017819597067256162,0.0031667733001081075,0.005801593662279358,0.004295129472659488
REAL_BIBLICAL,43,0.6,122,0.0074462890625,34,1,1.3262086634531307,0.7119657835760861,138.92588615114423,7.475924796029604,5.249700232302141,0.40376241356934867,0.36206844718571896,0.7071067811865475,0.9033452377915612,1,0.025880693945050867,0.026650559602632507,0.02645725101291196,0.006862838186713777,0.013011615071755748,0.007271310439104751,0.007880208747761406,0.0055259862649828665,0.011146963094501385,0.005634041793677487
REAL_BIBLICAL,43,0.7,80,0.0048828125,27,1,1.3790255818226802,0.7306451943122384,140.97071629954903,6.140566220658852,4.192516725035627,0.5454785948651057,0.3314521231662232,0.7071067811865475,0.9999999999999999,1,0.010719634837381824,0.031194626122327436,0.020903518310390567,0.00619902682988496,0.01973561047173869,0.005554925140649269,0.009921202716201026,0.011968121732799573,0.018337852113871483,0.007442333459783496
REAL_BIBLICAL,99,0.3,737,0.04498291015625,125,2,0.5927305691380935,0.5257297309268056,174.2217982619273,18.57642541217049,15.802067150404335,0.3653276048496993,0.3393957995074996,0.7071067811865475,0.9967345417197145,2,0.21706626353400993,0.07776292395894299,0.05115590968010175,0.021270007193078692,0.04081797717055685,0.0179926412392453,0.010014144664639266,0.013687005062120844,0.024586489847130237,0.03681916059130776
REAL_BIBLICAL,99,0.4,480,0.029296875,92,2,0.7126486170714086,0.6844887101772028,168.20695042245706,15.859186698674952,11.56171916430897,0.3757610684085771,0.33861698339439994,0.7071067811865475,0.9944341985529931,2,0.11231961344348514,0.068135929573424,0.02407130053580492,0.03888248634809813,0.01906436408862458,0.02953091787798569,0.024318808544008017,0.01596533011158849,0.024921387804528197,0.007082713713013639
REAL_BIBLICAL,99,0.5,323,0.01971435546875,59,1,1.1660263454289033,0.6420954209245978,160.6313727532268,11.795817252415882,9.042965168410756,0.4004646948808393,0.35744037457222877,0.7071067811865475,0.830121933088198,1,0.03991714183991044,0.028192908019273308,0.032816409536083335,0.015179000533253134,0.016851263172493306,0.010634482791532765,0.003801433844223151,0.005574106040862217,0.004720241012531171,0.0014811373538595688
REAL_BIBLICAL,99,0.6,223,0.01361083984375,47,1,1.2685833621557698,0.5743964927511342,137.12604877546462,9.397783299272096,7.6928113503122635,0.4124420491670262,0.35744075943355447,0.7071067811865475,0.8652691193458115,1,0.04721298678958215,0.017596603022289943,0.028020035443805245,0.0204269494746995,0.006851541562165292,0.0033411271036629113,0.0005420035919096639,0.0077553137300041715,0.0012189823281559334,0.005281279510545165
REAL_BIBLICAL,99,0.7,151,0.00921630859375,39,1,1.2475489564551183,0.5406979048662028,121.72223908918042,7.621433508088473,6.411278229039239,0.4970455464320571,0.33454459156653016,0.7071067811865475,0.8887005768508873,1,0.03757304732074823,0.019042275084556696,0.02447383856893947,0.023053452303478796,0.00915503880608925,0.009224477568673952,0.013566587441840337,0.01314472954978092,0.008034844909794205,0.006123750099072773
AXIS_MODERATE,42,0.3,236,0.014404296875,49,1,1.2351784527233505,0.4866677859199429,-162.07757669510312,9.461501857887177,8.265446212614803,0.3463380152750437,0.3534797566467096,0.7071067811865475,0.7071067811865475,1,0.044198543355204394,0.03432711503174327,0.05186885751607341,0.011891035800195973,0.0034034702595284586,0.010861179067400625,0.007628530054765492,0.005682395244131899,0.009870824685724228,0.0036117279632865776
AXIS_MODERATE,42,0.4,158,0.0096435546875,40,1,1.2409290981679684,0.5425479541239215,-169.0382134352768,7.832364858883099,6.579380970547017,0.23713203435596425,0.3446279128019113,0.7071067811865475,0.8857716446627534,1,0.06786133169452757,0.026132212439110843,0.03987077211272559,0.012863581508940297,0.010309876204933899,0.002271210329072653,0.007843563477741018,0.0070595826767998315,0.007535311587245465,0.00307279726712011
AXIS_MODERATE,42,0.5,106,0.0064697265625,31,1,1.3860929085557465,0.47382087328358974,172.90017651248036,6.231963182297084,5.487999186633768,0.22809896167307986,0.3305467989019225,0.7071067811865475,0.7071067811865475,1,0.03584652115986496,0.0330302592877276,0.03870784168828418,0.0364370554229129,0.004708182267227573,0.005053001407396882,0.007895204853586113,0.002656127294286367,0.009631541534059351,0.0014326002868899567
AXIS_MODERATE,42,0.6,73,0.00445556640625,26,1,1.3570193119056502,0.5530146226676004,179.53700344663787,5.286233281027442,4.4043391617792675,0.3807498052542948,0.35250582268891073,0.7071067811865475,0.7071067811865475,1,0.024479992405854453,0.03139623900703348,0.018871921161562534,0.029328135256189415,0.010964428274107168,0.029152339061282975,0.0025690250683841442,0.016363974497572077,0.004391002756751782,0.017637264876601517
AXIS_MODERATE,42,0.7,47,0.00286865234375,20,1,1.4765485471872029,0.5861269082490295,173.79948676129382,4.296155140253937,3.4808276336809056,0.5449747468305832,0.32094006499180133,0.7071067811865475,0.9443502884254437,1,0.009034879899645664,0.04424199417153943,0.023653622661545044,0.029237485523799848,0.02365362266154559,0.023845285052699516,0.009034879899645536,0.009258890296576188,0.029237485523799848,0.026662081052456835
AXIS_MODERATE,43,0.3,265,0.01617431640625,69,2,0.6994514204589751,0.9089665266841026,138.136839964059,16.72885526510745,6.973742975499489,0.3091138602576871,0.31222018957160613,0.7071067811865475,0.767049312326824,2,0.055144782863489734,0.07589700383296025,0.08421406018881035,0.02245061682375118,0.02738020967466473,0.016665860479250012,0.018272757884670008,0.012252531940309794,0.03213616782081495,0.027886941945796953
AXIS_MODERATE,43,0.4,160,0.009765625,46,1,0.9501981560952115,0.8490977541225554,138.0804051564921,10.46195778517754,5.52638008113476,0.3123363901098249,0.3200718347702016,0.7071067811865475,0.7071067811865475,1,0.05610135916283845,0.05889840578096398,0.06944373222362855,0.012037946855212553,0.01653757607309771,0.012625363370736786,0.0042182623287637675,0.0022631756382690354,0.012179139160798016,0.004441979711844797
AXIS_MODERATE,43,0.5,103,0.00628662109375,33,1,1.188554796399444,0.7943581170541758,117.69020632052808,7.509337872183578,4.561545308633534,0.4159976382229653,0.3605222157138418,0.7071067811865475,0.9062741699796951,1,0.02576392635936158,0.05628789668163796,0.045817313787321054,0.005968956229203901,0.007870113408752754,0.016058375836759682,0.012309843831543932,0.015992193086719755,0.012125513515485145,0.009761440665944593
AXIS_MODERATE,43,0.6,70,0.0042724609375,27,1,1.206647384094845,0.82979922666882,112.04523612987167,6.434605469508345,3.5909090718058265,0.31426968052735443,0.3513641844631532,0.7071067811865475,0.7071067811865475,1,0.04034669217711357,0.07216718819642436,0.04794111828452845,0.004905217820749789,0.026546841926489935,0.01537119608461114,0.02285474742535661,0.01477432425756099,0.005589970826257831,0.0032150235420495394
AXIS_MODERATE,43,0.7,46,0.0028076171875,21,1,1.310777887212068,0.8307958884470825,110.45719161001257,5.171713192791781,2.8784577046334276,0.43195561008883215,0.3830766036266351,0.7071067811865475,1.0,1,0.050744589311193536,0.08061549979221179,0.029757059478537604,0.021070630834043588,0.0072094767610468595,0.013807334396563209,0.03326068654991168,0.015187581725948819,0.012157949048744574,0.02399772201077463
AXIS_MODERATE,99,0.3,607,0.03704833984375,140,5,0.38917280423040906,0.6489887493661778,176.15042947886712,24.927710270462242,18.964952223066803,0.29586221232587173,0.2921202143620004,0.7071067811865475,0.7271350894342787,5,0.10562953123503815,0.14037769299553216,0.02893967924139606,0.08179464902232059,0.033763625978501736,0.043531440109249614,0.03690114813558669,0.028285978849834886,0.01206038439483415,0.014056814338185163
AXIS_MODERATE,99,0.4,388,0.023681640625,87,3,0.6441738404507014,0.7305345537846287,157.43027159134508,17.70276303738828,12.088787272402943,0.3456723066279372,0.3366089484285569,0.7071067811865475,0.9999999999999998,3,0.05336514497306809,0.0629287949134853,0.03397455522427841,0.03971718888210282,0.018379573363758926,0.04889998143414456,0.07091182428076381,0.07555814452322603,0.03399293113061094,0.038642474265628425
AXIS_MODERATE,99,0.5,286,0.0174560546875,63,2,0.9055132264315252,0.6478763181692054,152.08722738579397,13.279249826096061,10.115409404932544,0.3524276059748063,0.337762781694268,0.7071067811865475,0.8430857579297923,2,0.06220898007190157,0.11363124755801847,0.13353296218058008,0.10673544130611695,0.05676079785759083,0.038520441043986296,0.008084253577464624,0.01816714600744556,0.04962545452404291,0.05064821430127945
AXIS_MODERATE,99,0.6,227,0.01385498046875,50,1,1.141026451783813,0.5605762164763761,53.53598640682484,9.475939972545806,7.847052756619164,0.3311269837220809,0.3610469784544897,0.7071067811865475,0.8564823227814077,1,0.0338786770548705,0.047663395449126726,0.026042686720396665,0.04597554970904847,0.00525318006643332,0.00790988100776186,0.01284749923788058,0.004756475071064253,0.0015431001128635934,0.001631382433511298
AXIS_MODERATE,99,0.7,179,0.01092529296875,45,1,1.110805106158169,0.6195003980622773,57.03247376913295,8.653097829283649,6.792650142114184,0.3364919027495767,0.36223976014293874,0.7071067811865475,0.8711269837220814,1,0.035014887111322966,0.04931361641853082,0.015691534665391554,0.045931016495058694,0.013399785608620767,0.016204785997618855,0.011299723127369807,0.006322298594228298,0.007362204906925633,0.0073646117809375135
AXIS_STRONG,42,0.3,141,0.00860595703125,48,3,0.7690357016600013,0.9570879841576314,135.14336981807668,18.17920407523671,5.268287879657847,0.4132800341867129,0.32565094319461524,0.7071067811865475,0.9711747869728623,3,0.20223858383717797,0.2065903778101072,0.09017720961989464,0.07726830767495858,0.028043001990066922,0.05004794085982008,0.07226368561122541,0.06598991824018205,0.04627302826770283,0.03484586608430346
AXIS_STRONG,42,0.4,97,0.00592041015625,31,1,1.2684057748104471,0.7950029333567739,118.94858633722708,7.204203276917412,4.370109944446568,0.4428361955276727,0.3556356971563274,0.7071067811865475,0.912132034355964,1,0.04133526571317375,0.06159625353030535,0.031870878503297284,0.0046472331486918875,0.016179624932279407,0.01588573720449549,0.0038366602206118404,0.011372040511772276,0.010347226968977238,0.0009191785545083595
AXIS_STRONG,42,0.5,74,0.0045166015625,27,1,1.275598663185979,0.8153741467054921,117.5132056852084,6.435107355216932,3.725504800994228,0.45606327774017635,0.35403336005272174,0.7071067811865475,0.9238477631085019,1,0.046642668317891926,0.0704506525121192,0.02610134192434253,0.01646509104921732,0.0087735652580571,0.0006205701204220906,0.027062524465074476,0.004293488057150136,0.010144989032672426,0.014718595022409285
AXIS_STRONG,42,0.6,55,0.00335693359375,24,1,1.1999138607461015,0.843013367516905,121.11313679326722,5.831316136248585,3.1366218687030223,0.3362944921610615,0.3700081276703712,0.7071067811865475,0.9326345596729058,1,0.05762852677719791,0.058662006573863563,0.040554941032298474,0.017680297922494995,0.032599991096088535,0.015301282199078664,0.01086666369869618,0.004501119481747382,0.021392827292991114,0.008688018318802839
AXIS_STRONG,42,0.7,41,0.00250244140625,20,1,1.288052987971815,0.8924931528572737,118.53159892580467,5.477122479572399,2.4705160172225993,0.4035533905932738,0.37033047530641144,0.7071067811865475,0.9443502884254434,1,0.05839705583673999,0.11542981706273532,0.0549305559231795,0.015333266838110147,0.022536144505188243,0.0017648454819615101,0.019364440970076956,0.006048923105811027,0.03428622696715751,0.006077608545841244
AXIS_STRONG,43,0.3,508,0.031005859375,203,9,0.15491072998846028,0.3795121889477693,149.96428312354104,35.23262932300231,32.596761361551835,0.17605393754413742,0.23037715083697793,0.4472135954999579,0.9486832980505138,9,0.12534999475311898,0.10407041127941534,0.055645059156623586,0.10254104037282256,0.06268783950768698,0.029320070661223354,0.04660968517700391,0.03467224564957534,0.04108744638236031,0.01680530918614839
AXIS_STRONG,43,0.4,266,0.0162353515625,119,6,0.23604650684411693,0.3550055161863067,141.37972076762924,29.12684565701644,27.229645435584843,0.27364490425900084,0.30206354797368734,0.8148314552243078,1.0,6,0.12385307939820706,0.17252451154381038,0.06326791895351695,0.017404751377738167,0.06004454321895379,0.05575432577976153,0.01844847970178413,0.06808293973989676,0.059948555769875754,0.031038554761410524
AXIS_STRONG,43,0.5,150,0.0091552734375,83,7,0.2736181727614858,0.3179457008064224,-173.3343817687679,28.427154906953138,26.95203924477044,0.2736190999083566,0.2783683604334815,0.7755205475209892,1.0,7,0.17002220921114422,0.20163521496957118,0.047721440940070595,0.04232230275617866,0.07116050353305654,0.06283628761289312,0.030280893481056448,0.059014994688761285,0.08166193873586586,0.03016853800480497
AXIS_STRONG,43,0.6,77,0.00469970703125,47,5,0.4380310263945932,0.5566670536777953,-148.691889188416,28.552132474112526,23.7192755527923,0.3478868834034798,0.2860234323830631,0.7071067811865475,0.9996324410120231,5,0.22148557492294935,0.20115869954848242,0.03274025090993898,0.01924961811050357,0.15054126025011558,0.11771994055144497,0.04068438432808434,0.02162339533533984,0.013848751388702665,0.050846490079065915
AXIS_STRONG,43,0.7,32,0.001953125,20,3,1.0053096491487339,0.9663283471267031,54.32139749379652,28.796606559325323,7.409715795320484,0.5701949176639778,0.30835495862853646,0.994398414600973,1.0,3,0.6124343306481957,0.2725589313360404,0.11204328480166892,0.24463846996161445,0.23495315638928035,0.10254028754907735,0.08685675495000932,0.21650615456689454,0.13450557727276996,0.08313300066494655
AXIS_STRONG,99,0.3,115,0.00701904296875,34,1,1.2501147237468035,0.759578128707551,98.0272679373165,7.5151137856598105,4.887950787214078,0.45753968194423655,0.3379154497963546,0.7071067811865475,0.7071067811865475,1,0.02279474159664943,0.0655581419558213,0.014777942892800138,0.014886418463519385,0.008027432988406634,0.009998440549388893,0.008088537069070482,0.00798459521072071,0.012131064387493902,0.00827777754010245
AXIS_STRONG,99,0.4,87,0.00531005859375,28,1,1.3944824533791427,0.7501372981066169,100.9088096228189,6.47437687727774,4.281389626736057,0.3535533905932738,0.3535533905932738,0.7071067811865475,0.7071067811865475,1,0.02028146482698017,0.0823074201466812,0.02377597258460239,0.008051729742154177,0.007561394829368185,0.007399645250179167,0.01899116077870152,0.0051771564226794735,0.009668394084316252,0.0023589113790417914
AXIS_STRONG,99,0.5,66,0.0040283203125,24,1,1.439896632895322,0.7576567994416405,102.51591032155939,5.680782638267101,3.707580857652123,0.4541456223588194,0.3564899536111136,0.7071067811865475,0.9326345596729056,1,0.01938072921898989,0.08218616019845729,0.0051930507429546035,0.012936197334718024,0.03172461351532552,0.018805722834587126,0.015108209574872076,0.010858778993002992,0.005193050742954606,0.014926321766393389
AXIS_STRONG,99,0.6,46,0.0028076171875,21,1,1.310777887212068,0.7668659033606043,104.55683434363887,4.797675052928263,3.079183155794029,0.24964955652948975,0.3579822473263438,0.7071067811865475,0.9414213562373097,1,0.06454340861785736,0.07297731687582944,0.009535309393424334,0.01334413450169497,0.029488268579003458,0.014044460560827624,0.005991868231633834,0.010363462137785957,0.014896709057869802,0.006925412101652775
AXIS_STRONG,99,0.7,34,0.0020751953125,18,1,1.318693212617938,0.758151564905858,106.77033278560394,4.080179797492633,2.660597004198286,0.5364919027495767,0.3957535631280951,0.9999999999999999,1.0,1,0.027690693072103343,0.05696515223550087,0.027690693072103343,0.01411405214758802,0.043782830048245854,0.032261440699400214,0.027690693072103336,0.04378283004824582,0.027690693072103346,0.023879722104132868
VIRUS_03,42,0.3,849,0.05181884765625,114,1,0.8209332603563356,0.3069571322644984,67.52631181353384,18.2583187401897,17.376868123465776,0.43705598454406114,0.36302766274497733,0.7071067811865475,1.0,1,0.04169841761945569,0.028760673340398554,0.09174888490669053,0.028654618256014328,0.031058661448195524,0.013432320273028151,0.008983387591038451,0.010466589428105667,0.003980596111824751,0.005779140976258282
VIRUS_03,42,0.4,599,0.03656005859375,99,1,0.7680089784717014,0.48806426049154994,-149.21536045325058,16.3421287928666,14.263535811585708,0.40671373362156216,0.3414386823738932,0.7071067811865475,0.9497096320895033,1,0.04740669365014321,0.060322349573431286,0.10949413401777762,0.0072863517148108545,0.023084781852522666,0.022852362619951185,0.006281035252754857,0.006432124174380498,0.010099625433312187,0.007538862285147186
VIRUS_03,42,0.5,388,0.023681640625,86,1,0.65924172503669,0.6631114910353834,-151.99688877363548,14.702723572748434,11.005292077576124,0.38122278365460766,0.36553501997647003,0.7071067811865475,1.0,1,0.04390629034540986,0.1233952712670273,0.05192846961160438,0.050576754376612215,0.05640585102611509,0.019853742717684045,0.028541586323228594,0.014470205682249227,0.008341290363465419,0.01411054874511366
VIRUS_03,42,0.6,199,0.01214599609375,56,1,0.7974195638576134,0.8789591637255906,-151.5141971112015,12.811783355001248,6.109901582521334,0.4221005333343145,0.33939558583614854,0.7071067811865475,0.9606621799868929,1,0.10672870586120674,0.07352074006289111,0.06747541939546636,0.029655962754033163,0.04219387079682828,0.023772302434494477,0.017954180407963514,0.004293114178346737,0.011401536175806715,0.013103539146768404
VIRUS_03,42,0.7,95,0.00579833984375,36,1,0.9211459941081184,0.9198497732369418,45.67546315580789,9.144919738424486,3.587285146587401,0.4420080087914668,0.3418349636687635,0.7071067811865475,0.9630495168499704,1,0.052632792533106806,0.1132071968216145,0.03843844983524089,0.012249759911550006,0.032904780311467534,0.030892190842385037,0.015302667212249845,0.021724568181882325,0.01951352552929863,0.015806758781622795
VIRUS_03,43,0.3,699,0.04266357421875,114,1,0.6758920482792444,0.6899362792186918,163.34861408052308,20.44124945464161,14.796809413138432,0.3715585768303736,0.35452401904605063,0.7071067811865475,1.0,1,0.025581723765177804,0.10221558933126684,0.09757255008345599,0.024317199080841238,0.011343543810941895,0.016821309101436675,0.02588372368935407,0.02025217193013261,0.020263772841604057,0.012914270135223869
VIRUS_03,43,0.4,425,0.02593994140625,90,2,0.6593466063089689,0.8406742110039455,153.4012508636919,18.30707420874682,9.914034929670024,0.3542958326262244,0.3358882081282719,0.7071067811865475,0.9049346442926534,2,0.05965928627363935,0.08903014818994097,0.06094588075333303,0.018794564018874648,0.0023865894909474513,0.026991381930613356,0.034344279175871226,0.027210958180250207,0.022754495891819534,0.009649351537667727
VIRUS_03,43,0.5,269,0.01641845703125,66,2,0.7760224277462391,0.9166082817175142,158.5449309166655,15.42876992648506,6.16821416564781,0.3591107396463402,0.3455315108976412,0.7071067811865475,0.8944021340951285,2,0.052160910026749115,0.06977224982761053,0.06325021791585449,0.07829909639799593,0.05985364006003532,0.033800247878917104,0.027132154543793502,0.029380596646693603,0.012776547724214956,0.00908438529622549
VIRUS_03,43,0.6,187,0.01141357421875,54,1,0.8058680743776288,0.9376823241174487,160.66108391418868,13.438227931998659,4.669699303795949,0.3533931835025487,0.3563216379982918,0.7071067811865475,1.0,1,0.04596291056323007,0.11508871559960127,0.02202411915956057,0.03406181069338341,0.02101870049583614,0.009409873095234254,0.0013898529538134763,0.0077671232452109825,0.00014434215366622189,0.00895782453173691
VIRUS_03,43,0.7,109,0.00665283203125,43,1,0.7407974023608165,0.9312580085312042,160.93587668142038,10.377133086608913,3.7810166536209238,0.2528805097508766,0.29804104679052934,0.7071067811865475,0.7071067811865475,1,0.13837506896168547,0.06925601273951279,0.0644192946091093,0.011327679041348257,0.015628874088381588,0.006935298683343263,0.005670852654075377,0.011440134697317002,0.024691012254781187,0.010809014569845076
VIRUS_03,99,0.3,493,0.03009033203125,99,2,0.6321008787755404,0.5407873144372485,146.00734998878863,15.76283134811674,13.259053237522053,0.36065429965405343,0.347042985874426,0.7071067811865475,0.9999999999999998,2,0.12334584578349941,0.020840273863285276,0.044020865216451835,0.052419695340666525,0.0329608160990517,0.026204591276735214,0.016957003313601404,0.018506096254724276,0.010804337751711406,0.019010439290150977
VIRUS_03,99,0.4,297,0.01812744140625,61,1,1.0030131879776067,0.7487765454898989,133.78220307309022,12.490915125737779,8.279259764472934,0.3641508759933839,0.3601238974026358,0.7071067811865475,0.824264068711928,1,0.05646895604436509,0.024727748982025535,0.06627542130198458,0.010718352505317814,0.021589171940978653,0.00367683413593312,0.010021984498714378,0.005087079476931538,0.008545609458438349,0.00530886142941088
VIRUS_03,99,0.5,183,0.01116943359375,48,1,0.9981101659842572,0.622867443286589,130.90473071180648,8.869822387311455,6.9391050147487885,0.30008514882434156,0.34531692001688036,0.7071067811865475,0.8623401871576777,1,0.08043583937086579,0.01432255940319863,0.03631492576946853,0.01564959476407966,0.0004882954468321018,0.011079890115081014,0.0014731951200332438,0.004503215819849402,0.004999348110000903,0.015476212654148006
VIRUS_03,99,0.6,109,0.00665283203125,32,1,1.337631247036279,0.20647294985288073,-170.03229017071163,5.9723946041694305,5.843703290683139,0.30935921676911454,0.35078038001005696,0.7071067811865475,0.7071067811865475,1,0.022751875679167623,0.008624564736299165,0.024125169979713146,0.035131426224040065,0.014104215461129463,0.012702949829068394,0.005769445420703139,0.014527359548704663,0.003207198247764962,0.011195351083562295
VIRUS_03,99,0.7,66,0.0040283203125,24,1,1.439896632895322,0.29353677139983075,45.0,4.696871944241834,4.4899643221661645,0.35355339059327373,0.35355339059327373,0.7071067811865475,0.7071067811865475,1,0.0276115197976922,0.018674409664670842,0.03904858577562953,0.02973919575446213,2.2440977261011933e-18,0.0077351937524178654,0.0,0.018674409664670842,0.007398484431587582,0.018674409664670842
VIRUS_06,42,0.3,242,0.0147705078125,51,2,1.169189422789281,0.47510789998319886,144.2503795922476,10.245233854512602,9.015063467287078,0.3672102667222534,0.3739005889801927,0.7071067811865475,1.0,2,0.0208217928099106,0.038621614706264205,0.07908167410544868,0.07066698517075046,0.06386014579494595,0.05925397373062619,0.04140701917723173,0.027548750694568074,0.02146081371404252,0.019147711398445014
VIRUS_06,42,0.4,180,0.010986328125,42,1,1.282282715750936,0.6556472849742231,168.0427881010208,8.744836634674845,6.602940245615565,0.3941987901453344,0.3610008304176603,0.7071067811865475,0.8799137802864834,1,0.027253065231799826,0.038823743624954624,0.015763385013944146,0.014826180761501566,0.004252552690391791,0.012982333308581333,0.00608728928635338,0.004467444506986354,0.005174986321091314,0.0015676355558537321
VIRUS_06,42,0.5,134,0.0081787109375,36,1,1.2993006653735564,0.6872002471119281,167.19584222668658,7.702626984203072,5.5957123663830695,0.4321208107251124,0.3447131568330793,0.7071067811865475,0.7071067811865475,1,0.017355245494054143,0.042468568838251036,0.020260803600622164,0.00790384730611037,0.015208687827229546,0.010351684953782064,0.012407928611205873,0.006427947816157537,0.010411488321336872,0.005832496978862384
VIRUS_06,42,0.6,100,0.006103515625,30,1,1.3962634015954636,0.7053128670460441,170.7269834706866,6.736300849054466,4.775337775595363,0.42426406871192857,0.3464101615137755,0.7071067811865475,0.7071067811865475,1,0.019873356590682695,0.05598854699070137,0.024115123776137653,0.024658971481493284,0.014995001421405392,0.003576401341644205,0.010456542339564154,0.011213444393155426,6.337623161184374e-18,0.01705147350543134
VIRUS_06,42,0.7,69,0.00421142578125,25,1,1.3873273158252526,0.7095170412707037,170.50048524016256,5.585650672895159,3.936142550212421,0.39597979746446654,0.35099857549568486,0.7071067811865475,0.7071067811865475,1,0.018729089166893816,0.05333553219084362,0.011957529672834722,0.009399965670806825,0.02225340160837063,0.015424199837867787,0.005952189260690866,0.023320993645268837,0.00939996567080699,0.016926936983901207
VIRUS_06,43,0.3,325,0.01983642578125,70,1,0.8334837652381083,0.48285690889564653,64.71418390298956,11.978015755351862,10.489139612339333,0.42896686931403455,0.3512582853316192,0.7071067811865475,0.9999999999999998,1,0.03610586017169218,0.037604621644661315,0.09284519739163463,0.024894308034837852,0.02363601352895429,0.018160343069028757,0.010509663623982493,0.004550221400745843,0.00479964475432716,0.0025659174234270916
VIRUS_06,43,0.4,194,0.0118408203125,53,2,0.8678803485887076,0.6929074097538455,83.09508144154947,9.989062779146733,7.202379720697467,0.43659008643871877,0.3375112714590546,0.7071067811865475,0.8860517809103752,2,0.08577248763679471,0.02790856253442346,0.07018120584272844,0.013470939474333792,0.019494916228016503,0.023598235708375413,0.018915928285845904,0.01650227124765626,0.018745784536399242,0.012556997399772596
VIRUS_06,43,0.5,123,0.00750732421875,36,1,1.1926416555294586,0.7740732502516549,99.26718674321937,7.868692018572631,4.981637802807798,0.35355339059327373,0.35355339059327373,0.7071067811865475,0.7071067811865475,1,0.013517826164378407,0.06945236598836806,0.010747934955614918,0.006877272794056855,0.007189345211002797,0.016102621994263454,0.006513800199187904,0.010674749177196014,0.013704131580429322,0.010401453088298191
VIRUS_06,43,0.6,86,0.0052490234375,30,1,1.2007865253720986,0.8022370633467358,99.02143260435821,6.757812648505382,4.034452038836435,0.34950937914128566,0.38014452588316944,0.7071067811865475,1.0,1,0.038961882608694404,0.07514146420601334,0.018689146464805663,0.012013111746180555,0.0075843685874891435,0.008021771732538409,0.0038622721162440833,0.009038213864508362,0.006935773300462414,0.005616909443622816
VIRUS_06,43,0.7,58,0.0035400390625,24,1,1.265363707695889,0.8106652345227321,100.76524324885439,5.629470917071855,3.296111119743914,0.4714045207910316,0.3333333333333333,0.7071067811865475,0.7071067811865475,1,0.025892206107624702,0.092625358997282,0.024182380035498916,0.005356323608281668,1.6980061835694128e-18,0.022730696591029456,0.03146331469713034,0.019982939863203753,0.016286610131342763,0.005667549674313369
VIRUS_06,99,0.3,251,0.01531982421875,73,4,0.5918857241891823,0.7887194053086287,113.85210649842044,15.3159978610306,9.415561222289945,0.3394342796510262,0.35411187088958923,0.8198199994413795,1.0,4,0.0743644526346653,0.06447708487329354,0.05550545071806383,0.0182052597136823,0.020179408164077955,0.026979372368508465,0.051191721597744044,0.008336054843045903,0.03521388716288191,0.03414744926847931
VIRUS_06,99,0.4,136,0.00830078125,35,1,1.3951235947370184,0.5471999103010836,63.15122388347479,7.1977649197707105,6.024543247100874,0.24243661069253056,0.33563828927059225,0.7071067811865475,0.7071067811865475,1,0.020490473692905815,0.025933786198022,0.017903160488640647,0.03235613316784956,0.010096828438035204,0.006099887836158599,0.0020288901574013977,0.006953690914980228,0.003995199368225033,0.01028076749355852
VIRUS_06,99,0.5,98,0.0059814453125,31,1,1.2814821230043691,0.508133036854772,62.23565297145391,6.026854536983247,5.190800803164453,0.2147372338545929,0.3393792023343844,0.7071067811865475,0.912132034355964,1,0.020836143879460284,0.025203308985581374,0.01173757575128823,0.040209809693070586,0.008637301709725457,0.00383109989514834,0.005746205311156619,0.005760434992936419,0.008539093301188447,0.00816700240821768
VIRUS_06,99,0.6,72,0.00439453125,25,1,1.4476458947741766,0.4655426302617165,-143.9822426489525,5.0906087837471645,4.5053183648728865,0.3394112549695428,0.3532704346531138,0.7071067811865475,0.7071067811865475,1,0.02937285118356639,0.026164484390232067,0.012062313618046336,0.043088171148513904,0.0021545893141774646,0.014399821438359918,0.008041210453049537,0.014376685247028832,0.0011037203688295152,0.006369558592971948
VIRUS_06,99,0.7,48,0.0029296875,20,1,1.5079644737231006,0.5660166556800649,-142.6946054438623,4.298868758245137,3.543960772206639,0.47426406871192855,0.353657451680022,0.7071067811865475,0.9443502884254434,1,0.013096500400667241,0.018674561827216524,0.02849235998497492,0.028847520836186368,0.004512746489745728,0.009515164509123998,0.02570332927170109,0.039113686810798756,0.020398277603687613,0.013888805578935846
